baklava_name,baklava_size,baklava_price,baklava_image_url
Pistachio-Walnut Baklava Assortment ,XL Metal Box),"
€51,71
",https://online.hafizmustafa.com/Uploads/UrunResimleri/thumb/fistikli-cevizli-karisik-baklava-xl-ku-436-99.jpg
Premium Baklava Assortment ,L Metal Box ),"
€45,96
",https://online.hafizmustafa.com/Uploads/UrunResimleri/thumb/premium-karisik-baklava-l-kutu-4788-9.jpg
Pistachio-Walnut Baklava Assortment ,L Metal Box),"
€42,52
",https://online.hafizmustafa.com/Uploads/UrunResimleri/thumb/fistikli-cevizli-karisik-baklava-l-kut-fb1e38.jpg
Pistachio Baklava Assortment ,XL Metal Box),"
€57,45
",https://online.hafizmustafa.com/Uploads/UrunResimleri/thumb/fistikli-karisik-baklava-xl-kutu-b-123b.jpg
Pistachio-Walnut Baklava Assortment ,S Metal Box),"
€21,83
",https://online.hafizmustafa.com/Uploads/UrunResimleri/thumb/fistikli-cevizli-karisik-baklava-s-kut-28-3a5.jpg
Pistachio-Walnut Baklava Assortment ,M Metal Box),"
€29,88
",https://online.hafizmustafa.com/Uploads/UrunResimleri/thumb/fistikli-cevizli-karisik-baklava-m-kut-469-4b.jpg
Premium Pistachio-Walnut Baklava Assortment ,M Metal Box),"
€28,73
",https://online.hafizmustafa.com/Uploads/UrunResimleri/thumb/premium-pistachio-walnut-baklava-assor-9446fa.jpg
Premium Pistachio Baklava Assortment ,M Metal Box),"
€32,17
",https://online.hafizmustafa.com/Uploads/UrunResimleri/thumb/premium-fistikli-karisik-baklava-m-kut-4-4a97.jpg
Walnut Padishah Baklava ,XL Metal - Tin Box),"
€45,96
",https://online.hafizmustafa.com/Uploads/UrunResimleri/thumb/cevizli-padisah-xl-kutu-68-afd.jpg
Pistachio Princess ,XL Box),"
€53,03
",https://online.hafizmustafa.com/Uploads/UrunResimleri/thumb/fistikli-prenses-xl-kutu-8d08-e.jpg
Pistachio Belle Kiss Baklava ,XL Metal - Tin Box),"
€59,75
",https://online.hafizmustafa.com/Uploads/UrunResimleri/thumb/fistikli-dilber-dudagi-xl-kutu-8f95b2.jpg
Premium Pistachio Ankara Baklava ,XL Metal - Tin Box),"
€62,05
",https://online.hafizmustafa.com/Uploads/UrunResimleri/thumb/fistikli-ankara-xl-kutu-ef0-47.jpg
Premium Pistachio Baklava Assortment ,XL Metal Box),"
€57,45
",https://online.hafizmustafa.com/Uploads/UrunResimleri/thumb/premium-karisik-fistikli-baklava-xl-ku-60ec8-.jpg
Padishah Baklava Assortment ,XL Metal Box),"
€51,71
",https://online.hafizmustafa.com/Uploads/UrunResimleri/thumb/padisahli-karisik-baklava-xl-kutu-e-c56a.jpg
Walnut Baklava Assortment ,XL Metal Box),"
€45,96
",https://online.hafizmustafa.com/Uploads/UrunResimleri/thumb/cevizli-karisik-baklava-xl-kutu-7-4ce4.jpg
Pistachio Princess ,L Metal Box),"
€48,12
",https://online.hafizmustafa.com/Uploads/UrunResimleri/thumb/fistikli-prenses-l-kutu-3b-9f8.jpg
Pistachio Roll ,XL Metal Box),"
€59,75
",https://online.hafizmustafa.com/Uploads/UrunResimleri/thumb/fistikli-durum-xl-kutu-d29fbd.jpg
Pistachio Roll ,M Metal Box),"
€34,47
",https://online.hafizmustafa.com/Uploads/UrunResimleri/thumb/fistikli-durum-m-kutu-336-d0.jpg
Pistachio Twister Baklava ,XL Metal Box),"
€59,75
",https://online.hafizmustafa.com/Uploads/UrunResimleri/thumb/fistikli-kivrim-xl-kutu-7fcf9a.jpg
 Pistachio Saray Rolls ,XL Metal Box),"
€59,75
",https://online.hafizmustafa.com/Uploads/UrunResimleri/thumb/fistikli-saray-sarma-xl-kutu-7-4935.jpg
Classic Pistachio Baklava ,XL Metal Box),"
€48,26
",https://online.hafizmustafa.com/Uploads/UrunResimleri/thumb/klasik-fistikli-baklava-xl-kutu--83b1-.jpg
Dry Pistachio Baklava ,XL Metal Box),"
€48,26
",https://online.hafizmustafa.com/Uploads/UrunResimleri/thumb/fistikli-kuru-baklava-xl-kutu-d2-d88.jpg
Walnut Baklava Assortment ,L Metal Box),"
€36,77
",https://online.hafizmustafa.com/Uploads/UrunResimleri/thumb/karisik-cevizli-baklava-l-kutu-481-1a.jpg
Walnut Roll Baklava ,XL Box),"
€45,96
",https://online.hafizmustafa.com/Uploads/UrunResimleri/thumb/cevizli-durum-baklava-xl-kutu--4316-.jpg
Chocolate Pistachio Baklava ,L Metal Box),"
€36,77
",https://online.hafizmustafa.com/Uploads/UrunResimleri/thumb/cikolatali-fistikli-baklava-l-kutu-f-5529.jpg
Pistachio Padishah ,L Metal Box),"
€45,96
",https://online.hafizmustafa.com/Uploads/UrunResimleri/thumb/fistikli-padisah-l-kutu-85f5-1.jpg
Pistachio Padishah ,XL Metal Box),"
€59,75
",https://online.hafizmustafa.com/Uploads/UrunResimleri/thumb/fistikli-padisah-xl-kutu-1-79f1.jpg
HM1864 Mixed Special Metal Tin Box ,L Box),"
€40,07
",https://online.hafizmustafa.com/Uploads/UrunResimleri/thumb/hm1864-karisik-kutu-xl-2ff098.jpg
Carrot Slice Baklava ,XL Box),"
€39,07
",https://online.hafizmustafa.com/Uploads/UrunResimleri/thumb/carrot-slice-baklava-xl-box-654-e8.jpg
Premium Pistachio Ankara Baklava ,S Metal - Tin Box),"
€28,73
",https://online.hafizmustafa.com/Uploads/UrunResimleri/thumb/fistikli-ankara-s-kutu-9a5-44.jpg
Baklava Assortment ,S Metal Box),"
€22,98
",https://online.hafizmustafa.com/Uploads/UrunResimleri/thumb/karisik-baklava-s-kutu-7fffc1.jpg
Walnut Baklava Assortment ,S Metal Box),"
€21,83
",https://online.hafizmustafa.com/Uploads/UrunResimleri/thumb/karisik-cevizli-baklava-s-kutu-8-5f2a.jpg
Walnut Padishah Baklava,S Box),"
€21,83
",https://online.hafizmustafa.com/Uploads/UrunResimleri/thumb/cevizli-padisah-s-kutu-14a682.jpg
Walnut Baklava ,S Box),"
€21,83
",https://online.hafizmustafa.com/Uploads/UrunResimleri/thumb/cevizli-baklava-s-kutu--35f4-.jpg
Palace Baklava Pistachio Filling ,S Box),"
€28,73
",https://online.hafizmustafa.com/Uploads/UrunResimleri/thumb/fistikli-saray-sarma-s-kutu-7ac924.jpg
Palace Baklava Walnut Filling ,S Box),"
€21,83
",https://online.hafizmustafa.com/Uploads/UrunResimleri/thumb/cevizli-saray-sarma-s-kutu--3278-.jpg
Pistachio Princess ,S Box),"
€28,73
",https://online.hafizmustafa.com/Uploads/UrunResimleri/thumb/fistikli-prenses-s-kutu-71-41e.jpg
Pistachio Padishah ,S Box),"
€28,73
",https://online.hafizmustafa.com/Uploads/UrunResimleri/thumb/fistikli-padisah-s-kutu-5-8500.jpg
Pistachio Twister Baklava ,S Box),"
€28,73
",https://online.hafizmustafa.com/Uploads/UrunResimleri/thumb/kivrim-fistikli-s-kutu-00-6ef.png
Pistachio Roll ,S Box),"
€28,73
",https://online.hafizmustafa.com/Uploads/UrunResimleri/thumb/fistikli-durum-s-kutu-a2-4d6.jpg
Yellow Twist Walnut Baklava ,XL Box),"
€45,96
",https://online.hafizmustafa.com/Uploads/UrunResimleri/thumb/cevizli-sari-burma-xl-kutu-42310a.jpg
Walnut House Baklava ,S Box),"
€18,39
",https://online.hafizmustafa.com/Uploads/UrunResimleri/thumb/cevizli-ev-baklava-s-kutu-42a1-a.jpg
Walnut Twister Baklava ,S Box),"
€21,83
",https://online.hafizmustafa.com/Uploads/UrunResimleri/thumb/cevizli-kivrim-s-kutu-92ac-2.jpg
Chocolate Pistachio Baklava ,S Kutu),"
€21,83
",https://online.hafizmustafa.com/Uploads/UrunResimleri/thumb/cikolatali-fistikli-baklava-s-kutu-72d244.jpg
Walnut Roll Baklava ,S Box),"
€21,83
",https://online.hafizmustafa.com/Uploads/UrunResimleri/thumb/cevizli-durum-baklava-s-kutu-36f-e2.jpg
Walnut Yellow Twist ,S Box),"
€21,83
",https://online.hafizmustafa.com/Uploads/UrunResimleri/thumb/cevizli-sari-burma-s-kutu-46ca-b.jpg
Pistachio Twist Kadayıf ,S Box),"
€28,73
",https://online.hafizmustafa.com/Uploads/UrunResimleri/thumb/fistikli-burma-kadayif-s-kutu-3-a05e.jpg
Carrot Slice Baklava ,S Box),"
€21,83
",https://online.hafizmustafa.com/Uploads/UrunResimleri/thumb/havuc-dilimi-baklava-s-kutu-aa-ae0.jpg
Pistachio Belle Kiss Baklava ,S Box),"
€28,73
",https://online.hafizmustafa.com/Uploads/UrunResimleri/thumb/fistikli-dilber-dudagi-s-kutu-2ad-ef.jpg
Dry Baklava ,S Box),"
€21,83
",https://online.hafizmustafa.com/Uploads/UrunResimleri/thumb/kuru-baklava-s-kutu-5a59af.jpg
Premium Ankara Walnut Baklava S Box,,"
€21,83
",https://online.hafizmustafa.com/Uploads/UrunResimleri/thumb/cevizli-ankara-s-kutu-3ec199.jpg
Walnut Square Baklava ,XL Box),"
€40,22
",https://online.hafizmustafa.com/Uploads/UrunResimleri/thumb/cevizli-kare-baklava-s-kutu-c-886b.jpg
Mixed Ottoman Kadayif ,Large Box),"
€51,71
",https://online.hafizmustafa.com/Uploads/UrunResimleri/thumb/karisik-osmanli-kadayifi-l-kutu-dce-07.jpg
Fıstıklı Osmanlı Kadayıfı ,L Kutu),"
€51,71
",https://online.hafizmustafa.com/Uploads/UrunResimleri/thumb/fistikli-osmanli-kadayifi-l-kutu--cd59-.jpg
Sütlü Osmanlı Kadayıfı ,L Kutu),"
€51,71
",https://online.hafizmustafa.com/Uploads/UrunResimleri/thumb/sutlu-osmanli-kadayifi-l-kutu-a292db.jpg
Pomenegrade Ottoman Kadayif ,L Box),"
€51,71
",https://online.hafizmustafa.com/Uploads/UrunResimleri/thumb/narli-osmanli-kadayifi-l-kutu-f4-be5.jpg
Mixed Ottoman Kadayif ,S Box),"
€32,17
",https://online.hafizmustafa.com/Uploads/UrunResimleri/thumb/karisik-osmanli-kadayifi-s-kutu-b9-a42.jpg
Ottoman Pomenegrade Kadayıf ,S Box),"
€32,17
",https://online.hafizmustafa.com/Uploads/UrunResimleri/thumb/narli-osmanli-kadayifi-s-kutu-2f5-f2.jpg
Milky Ottoman Kadayif ,S),"
€32,17
",https://online.hafizmustafa.com/Uploads/UrunResimleri/thumb/sutlu-osmanli-kadayifi-s-beffd4.jpg
Mixed Ottoman Kadayif ,500 Gr),"
€14,94
",https://online.hafizmustafa.com/Uploads/UrunResimleri/thumb/karisik-osmanli-kadayifi-500-gr-9cf76e.jpg
Fıstıklı Osmanlı Kadayıfı ,S Box),"
€32,17
",https://online.hafizmustafa.com/Uploads/UrunResimleri/thumb/fistikli-osmanli-kadayifi-s-kutu--d2aa-.jpg
Pistachio Halep Kadayif ,1 Kg),"
€22,98
",https://online.hafizmustafa.com/Uploads/UrunResimleri/thumb/fistikli-halep-kadayifi-s-kutu-2d-507.jpg
Halep Turkish Kadayif With Pistachio ,L Box),"
€40,22
",https://online.hafizmustafa.com/Uploads/UrunResimleri/thumb/fistikli-halep-l-kutu--c66e-4.jpg
"Baklava, Halep Kadayif with Pistachio L Box",,"
€51,71
",https://online.hafizmustafa.com/Uploads/UrunResimleri/thumb/fistikli-halep-xl-kutu--1ccf2e.jpg
